fold_id,model_type,seed,architecture,best_epoch,parameter_count,training_seconds,holdout_loss,holdout_accuracy,holdout_f1,holdout_threshold,holdout_auroc,holdout_auprc,prediction_mean_absolute_difference,prediction_median_absolute_difference,prediction_std_absolute_difference,prediction_p95_absolute_difference,prediction_pearson,prediction_spearman,symmetry_flip_rate,checkpoint_reload_max_abs_probability_error,rcps_prediction_max_abs_probability_error,rcps_feature_equivariance_max_abs_error,double_rc_input_exact,reload_gate_passed,rcps_prediction_gate_passed,rcps_feature_gate_passed,original_validation_rows_evaluated,test_rows_evaluated
fold_a,CNN-Aug,42,standard,25,7377,63.003063999989536,0.46548195184873115,0.7873973580863978,0.7895387877716911,0.5,0.8624455921222607,0.8628419031527801,0.09611973337950806,0.06669008731842041,0.0931044182866066,0.2892916947603225,0.9147301711018165,0.915117310971331,0.1085326669046769,0.0,,,True,True,True,True,0,0
fold_a,CNN-RCPS,42,rcps,25,3689,84.87942800001474,0.4554315782878621,0.7929310960371296,0.7895500725689405,0.5,0.8682361618950543,0.8673904593931542,0.0,0.0,0.0,0.0,1.0,1.0,0.0,0.0,0.0,0.0,True,True,True,True,0,0
fold_a,CNN-Raw,42,standard,14,7377,38.881436499999836,0.4843349953882612,0.7806140664048554,0.7769105100744237,0.5,0.8508045463948524,0.8501874433492957,0.09328705329805086,0.06371376663446426,0.09172322190302798,0.28827033936977386,0.9191608070714193,0.9215108801687614,0.1017493752231346,0.0,,,True,True,True,True,0,0
fold_a,CNN-Aug,123,standard,25,7377,65.95248200005153,0.4668311991039577,0.7847197429489468,0.784257602862254,0.5,0.8614590520216361,0.8604486183706261,0.08798399023299053,0.05874407850205898,0.08741751554628308,0.2700718566775321,0.9274187779919292,0.9290248920007328,0.10103534451981436,0.0,,,True,True,True,True,0,0
fold_a,CNN-RCPS,123,rcps,29,3689,89.50558920000913,0.46572595628318253,0.7897179578721885,0.7925325818950335,0.5,0.8642973304403321,0.8631293167317524,0.0,0.0,0.0,0.0,1.0,1.0,0.0,0.0,0.0,0.0,True,True,True,True,0,0
fold_a,CNN-Raw,123,standard,17,7377,47.56753220001701,0.49363333359227696,0.7725812209925027,0.7711103126122889,0.5,0.8454711117733363,0.8459629805598199,0.10228686131585506,0.06997457146644592,0.10078617310495046,0.31678340286016465,0.9012091338872745,0.9041799027497726,0.11817208139950018,0.0,,,True,True,True,True,0,0
fold_a,CNN-Aug,2026,standard,26,7377,85.16426290001255,0.45641523359163194,0.7915030346304891,0.7887884267631103,0.5,0.8679253507793729,0.8667153405681015,0.08645094397427266,0.05755910277366638,0.08713756224111956,0.2691609412431717,0.9312366711245712,0.9319132092787014,0.09157443770082113,0.0,,,True,True,True,True,0,0
fold_a,CNN-RCPS,2026,rcps,27,3689,90.85037409997312,0.4557992124165947,0.7932881113887897,0.7889172438935472,0.5,0.8688095405310569,0.8673618268864653,0.0,0.0,0.0,0.0,1.0,1.0,0.0,0.0,0.0,0.0,True,True,True,True,0,0
fold_a,CNN-Raw,2026,standard,12,7377,36.74812869995367,0.47942484467849267,0.7781149589432346,0.7722191680410482,0.5,0.8520590073341737,0.8523721103881924,0.08520156081289755,0.060514286160469055,0.08223574454694785,0.25329965800046916,0.9311015737888481,0.9280186406854749,0.0885398072117101,0.0,,,True,True,True,True,0,0
fold_b,CNN-Aug,42,standard,30,7377,67.33846519998042,0.43373128163774677,0.8075065031586771,0.8041587901701324,0.5,0.8825417065928918,0.8759726841802968,0.09230848431260771,0.0632404088973999,0.08989007761577918,0.27485970258712766,0.922155617566319,0.9246056469484628,0.10906726124117429,0.0,,,True,True,True,True,0,0
fold_b,CNN-RCPS,42,rcps,29,3689,91.9370343000046,0.44545389696905846,0.7976588628762542,0.7947219604147031,0.5,0.8754242398757935,0.8661167053266192,0.0,0.0,0.0,0.0,0.9999999999999999,1.0,0.0,0.0,0.0,0.0,True,True,True,True,0,0
fold_b,CNN-Raw,42,standard,22,7377,59.941287800029386,0.4501272632658415,0.8013749535488666,0.7995499718732421,0.5,0.8727000733689697,0.8649977040015633,0.11613149196768231,0.07874459400773048,0.11460100804328537,0.35005595684051505,0.8801314203865879,0.8840482276621027,0.13396506874767744,0.0,,,True,True,True,True,0,0
fold_b,CNN-Aug,123,standard,17,7377,49.83862670004601,0.452117953722205,0.7974730583426236,0.7983721790603033,0.5,0.8712833742158546,0.8619540147617419,0.08886434429512743,0.06527804210782051,0.08175426661798633,0.25146636515855786,0.9270253061424037,0.926404338438402,0.09327387588257154,0.0,,,True,True,True,True,0,0
fold_b,CNN-RCPS,123,rcps,30,3689,92.35183190001408,0.4376723043363097,0.8067632850241546,0.8041431261770244,0.5,0.8804223887351219,0.8717260667694278,0.0,0.0,0.0,0.0,1.0,1.0,0.0,0.0,0.0,0.0,True,True,True,True,0,0
fold_b,CNN-Raw,123,standard,17,7377,48.28567330003716,0.45368422061171687,0.7920847268673356,0.7932754479955663,0.5,0.8699192195629595,0.8623763342743693,0.10611492791370998,0.07289663702249527,0.10275817915800584,0.31865725852549065,0.8958134814744918,0.8995531686339276,0.12430323299888517,0.0,,,True,True,True,True,0,0
fold_b,CNN-Aug,2026,standard,29,7377,114.32085890002782,0.4366546778907478,0.8058342623560015,0.8055813953488372,0.5,0.8804306743330542,0.8752268940560957,0.09291959318833509,0.06121650151908398,0.09479965787669947,0.2930186171084642,0.9230937242260523,0.9232592320806337,0.10405053883314754,0.0,,,True,True,True,True,0,0
fold_b,CNN-RCPS,2026,rcps,29,3689,94.46391900000162,0.4328857839705553,0.8039762170196952,0.8007554296506137,0.5,0.8824355128460601,0.8758689523032679,0.0,0.0,0.0,0.0,1.0,0.9999999999999999,0.0,0.0,0.0,0.0,True,True,True,True,0,0
fold_b,CNN-Raw,2026,standard,24,7377,102.50082949997159,0.4537659122437981,0.794314381270903,0.7888613389280946,0.5,0.8718260118337671,0.8641762007485935,0.11727861969152743,0.07566604763269424,0.11972343812181657,0.369537395238876,0.878952664770574,0.8810079485501053,0.12430323299888517,0.0,,,True,True,True,True,0,0
fold_c,CNN-Aug,42,standard,20,7377,45.03192239999771,0.4664593036138122,0.7956505436820397,0.7988187523071244,0.5,0.8622295385180339,0.8570289831938287,0.07947311052507963,0.054606735706329346,0.07722609902315068,0.23792257457971552,0.9415214643120847,0.9416625749923583,0.09205099362579677,0.0,,,True,True,True,True,0,0
fold_c,CNN-RCPS,42,rcps,22,3689,63.16080010001315,0.44092032593826164,0.8053993250843644,0.8058361391694725,0.5,0.8778794382985591,0.8715203171467927,0.0,0.0,0.0,0.0,1.0,1.0,0.0,0.0,0.0,0.0,True,True,True,True,0,0
fold_c,CNN-Raw,42,standard,19,7377,42.933600899996236,0.48814084353766996,0.7799025121859767,0.7800674409891345,0.5,0.8501608839952374,0.839702537764301,0.10236607173643779,0.07117810007184744,0.09813309592239465,0.30633428469300267,0.9048335705641521,0.907061199156794,0.12242219722534683,0.0,,,True,True,True,True,0,0
fold_c,CNN-Aug,123,standard,25,7377,54.17542200000025,0.47032137206756625,0.7862767154105736,0.7917427840701498,0.5,0.8607986853161914,0.8514358498565296,0.08777718361558177,0.06059806048870087,0.08459739464025506,0.25906172096729263,0.9290147216494056,0.9296328689305521,0.09655043119610049,0.0,,,True,True,True,True,0,0
fold_c,CNN-RCPS,123,rcps,28,3689,70.54397980001522,0.4664198049767705,0.7930258717660292,0.7927927927927928,0.5,0.8631974293427045,0.8555819439022124,0.0,0.0,0.0,0.0,1.0,1.0,0.0,0.0,0.0,0.0,True,True,True,True,0,0
fold_c,CNN-Raw,123,standard,17,7377,38.980408899951726,0.48706872766278053,0.7800899887514061,0.7834594794166513,0.5,0.8497294137445418,0.8412767308914961,0.09927227276642424,0.06965430825948715,0.09482770249883127,0.2924779713153833,0.9092437923514456,0.9106045058921671,0.11304836895388076,0.0,,,True,True,True,True,0,0
fold_c,CNN-Aug,2026,standard,20,7377,48.14806119998684,0.4435699335591016,0.8052118485189351,0.8053213415776653,0.5,0.876392560041356,0.8697968065180511,0.06937770617697674,0.04601186513900757,0.06944351228529218,0.21321588382124895,0.9557800523795398,0.9548257881443711,0.07405324334458192,0.0,,,True,True,True,True,0,0
fold_c,CNN-RCPS,2026,rcps,29,3689,178.04563549999148,0.46498423942162564,0.7939632545931758,0.7926806262969252,0.5,0.8638208750340403,0.8559017524968011,0.0,0.0,0.0,0.0,0.9999999999999997,1.0,0.0,0.0,0.0,0.0,True,True,True,True,0,0
fold_c,CNN-Raw,2026,standard,19,7377,51.21736130001955,0.4569614941053816,0.7950881139857517,0.7931099753927693,0.5,0.8688832343651083,0.8618060411564421,0.09160833840745906,0.06200560927391052,0.09007143083173144,0.28082230240106576,0.9242866457107198,0.9250599114209356,0.1046119235095613,0.0,,,True,True,True,True,0,0
